Kod;Nazwa
M0101-001;PLANDEKA MEHLER 8261 5241 107CM 907901 BIAŁA  POLYMAR TOPPLAN 450 GR/QM 107CM
M0101-002;PLANDEKA SIOEN C7456/7007/150CM SZARY 450gr Viking Valise
M0101-003;PLANDEKA SIOEN C7456/7009/150CM SZARY 450gr
M0101-005;PLANDEKA SIOEN C7456/7999/300CM CZARNY 450gr
M0101-006;PLANDEKA SIOEN P7457/9021/320CM BIAŁA 450gr rolka 80mtr
M0101-007;Plandeka TPO biało-zielona 400g, szerokość rolki 230cm LOOPING
M0101-008;Plandeka TPO biało-zielona 400g, szerokość rolki 90cm LOOPING
M0101-009;Plandeka TPO biało-zielona 400g, szerokość rolki 69cm LOOPING
M0102-001;PLANDEKA CHINA ABB 320CM JFS201 BIAŁA 580gr RAL9002
M0102-002;PLANDEKA CHINA AMBAU 320CM ZIELONY 580gr
M0102-003;PLANDEKA CHINA MAX BOEGL 320CM ŻÓŁTA 580gr RAL 1007
M0102-005;PLANDEKA CHINA SIEMENS B3580 320CM SZARY C1178SL LUB X7021SL 251C 580gr
M0102-007;PLANDEKA CHINA NIEBIESKA MATOWA VESTAS 320CM 540gr C1178M LUB X7201M
M0102-008;PLANDEKA HEYTEX H2580-RAL3002 300CM Red CZERWONA 580gr
M0102-010;PLANDEKA MEHLER 8948 5340 204CM 543543 CIEMNONIEBIESKA MATOWA 600gr (Danska Trappor)
M0102-011;PLANDEKA MEHLER 8948 5340 204CM 543543 CIEMNONIEBIESKA MATOWA 600gr (Danska Trappor)
M0102-012;PLANDEKA MEHLER 8948 5340 204CM 606606 ZIELONA MATOWA 600gr
M0102-013;PLANDEKA MEHLER 8948 5340 204CM 905905 CZARNA MATOWA 600gr Hardi
M0102-014;PLANDEKA MEHLER 8948 5340 300CM 543543 CIEMNONIEBIESKA MATOWA 600gr
M0102-015;PLANDEKA MEHLER 8948 5340 320CM 543543 CIEMNONIEBIESKA MATOWA 600gr (Danska Trappor)
M0102-016;PLANDEKA PRZEZROCZYSTA NIEBIESKA MEHLER 8860 5240 2180 005005 550gr FIRANKI (na magazynie są 4 kawałki po ok 20 mtr)
M0102-017;PLANDEKA PRZEZROCZYSTA ŻÓŁTA SCANPLAN 5741 009 FIRANKI
M0102-018;PLANDEKA SIOEN B3580/1049/320CM ŻÓLTY (Max Boegl)
M0102-019;PLANDEKA CHINA NIEBIESKA LAKIEROWANA 320CM 580gr RAL5022 [UWAGA, PRZECHODZIMY NA M0102-027]
M0102-020;PLANDEKA SIOEN B3580/9002/320CM BIAŁY
M0102-021;PLANDEKA SIOEN B7303/7290/320CM SZARY 550gr MAT
M0102-022;PLANDEKA CHINA SGRE koła 320CM C1399SL 580gr (Siemens-nowy) JASNOOLIWKOWA RAL 7032
M0102-023;PLANDEKA CHINA 320CM ZIELONA 580gr RAL 6005
M0102-024;PLANDEKA SIOEN B7303/7999/320CM CZARNY 550 gr
M0102-026;PLANDEKA CHINA NORDEX 320CM SZARY 11C 580gr Nordex HUB 163 6X COOL GREY 11C
M0102-027;PLANDEKA CHINA NIEBIESKA LAKIEROWANA 320CM 580gr (VL Staal, Basket, Jesma, Danish Car) 281C TRUDNOPALNA
M0103-001;PLANDEKA CHINA BALTIC OPERATOR 320CM POMARAŃCZOWY RAL 2005 620gr
M0103-002;PLANDEKA CHINA LSI 320CM C8000SL CZARNA RAL 9005 650gr
M0103-003;PLANDEKA CHINA KK platform  620gr 320CM C1399SL(Siemens-nowy) JASNOOLIWKOWA RAL 7032
M0103-004;PLANDEKA HEYTEX H5518-1021 250CM 650gr Yellow Żółta Humbaur
M0103-005;PLANDEKA HEYTEX H5871-0286 320CM 650gr BIAŁA WHITE TRUDNOPALNA RAL9016 [UWAGA, PRZECHODZIMY NA M0106-012]
M0103-006;PLANDEKA HEYTEX H5871-7701 320CM 650gr SZARA GREY TRUDNOPALNA  [UWAGA, PRZECHODZIMY NA CHINA M0103-062]
M0103-007;PLANDEKA MEHLER 8210 5240 250CM 244244 POMARAŃCZOWA 650gr VIKING GRAB BAG
M0103-008;PLANDEKA MEHLER 8210 5240 250CM 370370 CZERWONY 650gr Skaks [odpowiednik RAL3002] 65lm
M0103-009;PLANDEKA MEHLER 8210 5240 250CM 543543 NIEBIESKA 650gr
M0103-010;PLANDEKA MEHLER 8210 5240 250CM 566566 CIEMNONIEBIESKA 650gr
M0103-011;PLANDEKA MEHLER 8210 5240 250CM 581581 JASNONIEBIESKI 650gr
M0103-012;PLANDEKA MEHLER 8210 5240 250CM 905905 CZARNA 650gr LSI MSI, Rootcover
M0103-013;PLANDEKA MEHLER 8210 5240 250CM 907907 BIAŁA 650gr  POLYMAR WIESS RAL 9010 650 GR/QM 250CM
M0103-014;PLANDEKA MEHLER 8210 5240 300CM 370370 CZERWONY 650gr
M0103-015;PLANDEKA MEHLER 8210 5240 300CM 705705 JASNOSZARA 650gr [NOWY INDEKS 4444 5518 300CM 7701] [UŻYĆ ZAMIAST M0103-03 - KIT UKŁAD]
M0103-016;PLANDEKA MEHLER 8210 5240 300CM 905905 CZARNA 650gr LSI MSI, Rootcover
M0103-017;PLANDEKA MEHLER 8210 5240 300CM 907907 BIAŁA 650gr
M0103-018;PLANDEKA MEHLER 8212 5240 250CM 907901 BIAŁA 650gr TRUNDOPALNA
M0103-019;PLANDEKA MEHLER 8212 5260 250CM 244244 POMARAŃCZOWA 650gr TRUNDOPALNA Nosze
M0103-020;PLANDEKA MEHLER 8212 5260 250CM 370370 CZERWONA 650gr TRUNDOPALNA
M0103-021;PLANDEKA MEHLER 8212 5260 250CM 543543 NIEBIESKA 650gr TRUNDOPALNA
M0103-022;PLANDEKA MEHLER 8212 5260 250CM 581581 JASNONIEBIESKA 650gr TRUNDOPALNA
M0103-023;PLANDEKA MEHLER 8212 5260 250CM 905905 CZARNA 650gr TRUDNOPALNA
M0103-024;PLANDEKA MEHLER 8212 5260 250CM 958958 BIAŁA 650gr TRUNDOPALNA
M0103-025;PLANDEKA MEHLER 8212 5260 300CM 907901  BIAŁA 650gr TRUNDOPALNA
M0103-026;PLANDEKA MEHLER 8250 5241 125CM 788788 620gr SZARA
M0103-027;PLANDEKA MEHLER 8250 5241 250CM 244244 620gr POMARAŃCZOWA
M0103-028;PLANDEKA MEHLER 8250 5241 250CM 907907 620gr BIAŁA RAL9010
M0103-029;PLANDEKA MEHLER 8800 5340 204CM 905905 CZARNA MATOWA 620gr Hardi
M0103-030;PLANDEKA SIOEN B8103/7001/250CM SZARY 650gr Trudnopalna Firanki
M0103-031;PLANDEKA SIOEN B8103/7001/300CM SZARY 650gr Trudnopalna
M0103-032;PLANDEKA SIOEN B8103/9909/250CM BIAŁY 650gr Trudnopalna
M0103-033;PLANDEKA SIOEN B8103/9909/300CM BIAŁY 650gr Trudnopalna
M0103-034;PLANDEKA SIOEN B8199/7210/250CM SZARA 650gr TRUDNOPALNA
M0103-035;PLANDEKA SIOEN B9038/5020/205CM NIEBIESKI 650gr
M0103-036;PLANDEKA SIOEN B9038/7999/205CM CZARNY 650gr
M0103-037;PLANDEKA HEYTEX H5518-5002 250CM 650gr RAL5002 NIEBIESKI
M0103-038;PLANDEKA HEYTEX H5518-9005 250 CM CZARNA BLACK
M0103-039;PLANDEKA MEHLER 8210 5240 250CM 705705 JASNOSZARA 650gr
M0103-040;PLANDEKA OPTO-PLAST 275CM 65MB SZARA 650gr RAL 7038
M0103-041;PLANDEKA HEYTEX H5518-5002 300CM 650gr RAL5002 NIEBIESKI [Heytex przechodzi na Mehler 8210 5240 544544]
M0103-042;PLANDEKA SEDO INDUSTRIAL G650 6024 250CM ZIELONA 650GR
M0103-043;PLANDEKA VERTON 6026 275CM 65MB ZIELONA 650G
M0103-044;PLANDEKA VERTON 5002 275CM 65MB NIEBIESKA 650GR
M0103-045;PLANDEKA MEHLER 8210 5240 250CM 370370 CZERWONA 650GR
M0103-046;PLANDEKA SIOEN B8103/7999/300CM CZARNY 650gr Trudnopalna, ROLKI 65M
M0103-047;PLANDEKA MEHLER 8210 5240 300CM 244244 POMARAŃCZOWA 650gr VIKING GRAB BAG
M0103-048;PLANDEKA CHINA 320CM BIAŁA RAL 9010 620gr
M0103-049;PLANDEKA MEHLER 8210 5240 300CM 543543 NIEBIESKA 650gr
M0103-050;PLANDEKA MEHLER 8210 5240 250CM 636636 ZIELONA [RAL 6026]
M0103-051;PLANDEKA OPTO-PLAST 9005 275CM 65MB CZARNA 650GR [PO ZUŻYCIU CAŁOŚCI PRZECHODZIMY NA M0103-002]
M0103-052;PLANDEKA OPTO-PLAST 275CM JASNO-ZIELONA 630gr RAL 6018
M0103-053;PLANDEKA OPTO-PLAST 275CM ŻÓŁTA 630gr RAL 1003 -przechodzimy na 650gr M0103-058
M0103-054;PLANDEKA OPTO-PLAST 275CM CIEMNO-ZIELONA 650gr RAL 6026
M0103-055;PLANDEKA OPTO-PLAST 275CM JASNONIEBIESKA 630gr RAL 5012
M0103-056;PLANDEKA VERSEIDAG B1017/250CM/286286 BIAŁA 650GR TRUDNOPALNA
M0103-057;PLANDEKA OPTO-PLAST 320CM CIEMNO-ZIELONA 650gr RAL 6026
M0103-058;PLANDEKA OPTO-PLAST 275CM ŻÓŁTA 650gr RAL1003
M0103-059;PLANDEKA OPTO-PLAST 146CM ŻÓŁTA 650gr RAL1003
M0103-060;PLANDEKA OPTO-PLAST 275CM JASNO-ZIELONA 650gr RAL 6018, DWUSTRONNIE LAKIEROWANA
M0103-061;PLANDEKA OPTO-PLAST 250CM CZERWONA 650gr RAL 3002 TRUDNOPALNA
M0103-062;PLANDEKA CHINA SZARA 650GR TRUDNOPALNA [UŻYWAMY JAK SIĘ SKOŃCZY M0103-006]
M0103-063;PLANDEKA MEHLER 4444 5518 250CM 5002 RAL5002 NIEBIESKA 650gr
M0103-064;PLANDEKA RESZTKI 500-600 GR
M0104-001;PLANDEKA MEHLER 8205 5240 250CM 137137 ŻÓŁTA 680gr
M0104-003;PLANDEKA MEHLER 8205 5240 250CM 143143 680gr BEŻOWA
M0104-004;PLANDEKA MEHLER 8205 5240 250CM 148148 ŻÓŁTA 680gr Bogballe,Bredal [NOWY INDEKS 5560 5240 250CM 148148]
M0104-005;PLANDEKA MEHLER 8205 5240 250CM 244244 POMARAŃCZOWA 680gr VIKING GRAB BAG [NOWY INDEKS 5560 5240 250 244244]
M0104-006;PLANDEKA MEHLER 8205 5240 250CM 370370 CZERWONA 680gr
M0104-007;PLANDEKA MEHLER 8205 5240 250CM 543543 NIEBIESKA 680gr na TCR
M0104-008;PLANDEKA MEHLER 8205 5240 250CM 544544 NIEBIESKA 680gr RAL5002
M0104-009;PLANDEKA MEHLER 8205 5240 250CM 549549 JASNONIEBIESKA 680gr
M0104-010;PLANDEKA MEHLER 8205 5240 250CM 663663 ZIELONA 680gr Bredal
M0104-011;PLANDEKA MEHLER 8205 5240 275CM 148148 ŻÓŁTA 680gr Bogballe
M0104-012;PLANDEKA MEHLER 8205 5240 300CM 543543 NIEBIESKA 680gr na TCR
M0104-013;PLANDEKA MEHLER 8205 5240 300CM 905905 CZARNA 680gr, LSI MSI, Rootcover
M0104-014;PLANDEKA MEHLER 8205 5290 250CM 911717 SREBRNY 680gr Piping
M0104-015;PLANDEKA MEHLER 8205 5290 275CM 911717 SREBRNY 680gr Piping
M0104-016;PLANDEKA MEHLER 8205 5290 300CM 911717 SREBRNY 680gr Piping
M0104-017;PLANDEKA MEHLER 8509 5240 250CM 636636 ZIELONA 680gr
M0104-018;PLANDEKA MEHLER 8509 5240 250CM 905905 CZARNA 680GR TRUDNOPALNA
M0104-019;PLANDEKA SIOEN B9000/1021/250CM ŻÓŁTA 680gr do nadruku logo Kverneland
M0104-020;PLANDEKA SIOEN B9000/1021/275CM ŻÓŁTA 680gr do nadruku logo Kverneland
M0104-021;PLANDEKA SIOEN B9000/5095/250CM JASNONIEBIESKA 680gr
M0104-022;PLANDEKA SIOEN B9000/7207/250CM CIEMNOSZARY 680gr HARDI
M0104-023;PLANDEKA SIOEN B9000/7243/320CM SZARY 680gr HARDI
M0104-024;PLANDEKA SIOEN B9000/7999 CZARNY 680gr
M0104-025;PLANDEKA SIOEN B9000/9002/250CM BIAŁA 680gr
M0104-026;PLANDEKA VERSEIDAG B1293/300CM/101/101 680gr CZARNA BLACK [UŻYĆ ZAMIAST M0103-002]
M0104-027;PLANDEKA MEHLER 8205 5240 250CM 717717 SZARA 680gr
M0104-028;PLANDEKA HEYTEX H5560-7015 250 CM SZARY ANTRACYT
M0104-029;PLANDEKA MEHLER 8205 5240 300CM 148148 ŻÓŁTA 680gr Bogballe
M0104-030;PLANDEKA MEHLER 8205 5240 250CM 221221 POMARAŃCZOWA 680gr
M0104-031;PLANDEKA CHINA 300CM CIEMNOSZARA 680GR RAL7024 Epoke
M0104-033;PLANDEKA MEHLER 8509 5240 250CM 119119 ŻÓŁTA 680GR TRUDNOPALNA [UWAGA, PRZECHODZIMY NA M0104-034]
M0104-034;PLANDEKA CHINA 200CM ŻÓŁTA 680GR RAL1023 TRUDNOPALNA [UŻYĆ ZAMIAST M0104-033]
M0105-001;PLANDEKA SIOEN B9671/1002/320CM ŻÓŁTY 670gr BREDAL [UWAGA, PRZECHODZIMY NA MEHLER]
M0105-002;PLANDEKA SIOEN B9671/3058/320CM CZERWONA 670gr
M0105-003;PLANDEKA SIOEN B9671/5020/320CM NIEBIESKA 670gr
M0105-004;PLANDEKA SIOEN B9671/6028/320CM ZIELONA 670gr
M0105-005;PLANDEKA SIOEN B8700/7001/320CM SZARY 670gr
M0105-006;PLANDEKA SIOEN B9671/7203/320CM CIEMNOSZARY 670gr EPOKE Ripstop [UWAGA, UŻYWAMY M0104-031 ]
M0105-007;PLANDEKA SIOEN B9671/7999/320CM CZARNY 670gr
M0105-008;PLANDEKA SIOEN B9671/7999/320CM CZARNY MATOWY 670gr
M0105-009;PLANDEKA SIOEN B9671/9002/320CM BIAŁY 670gr
M0106-001;PLANDEKA CHINA LANDMECO 250CM T9750BL ŻÓŁTA BLOCKOUT 750gr
M0106-002;PLANDEKA HEYTEX H5872-0286 082CM White BIAŁA 700gr
M0106-003;PLANDEKA HEYTEX H5872-0286 300CM 700gr White BIAŁA (do drukarni) - dla nas na wykroje zamawiać, jumbo, a dla DK małe rolki, bo oni od nas kupują
M0106-004;PLANDEKA SIOEN B9115/9002/218CM BIAŁA 730gr
M0106-005;PLANDEKA SIOEN S2700A/5999/205CM 700gr BLUE antypoślizgowa
M0106-006;PLANDEKA CHINA ANTYPOŚLIZGOWA 300CM SZARA 700GR
M0106-007;PLANDEKA HEYTEX H5872-0286 212CM WHITE BIAŁĄ
M0106-008;PLANDEKA NAIZIL SPORTSCOVER WHITE BIAŁA 720gr, Rolka 300cm, towar na wykroje dla HansAa
M0106-009;PLANDEKA MEHLER 8596 6999 3000 908908 800gr Polymar Poly Opak plandeka biała [NIEROT,SPR PONOWNIE 06.2026] Zederkof 00245
M0106-010;PLANDEKA CHINA LANDMECO 320CM T9750BL ŻÓŁTA BLOCKOUT 750gr
M0106-011;PLANDEKA HEYTEX H5872-0286 150CM 700gr White BIAŁA (do drukarni) 65LM [ZAMAWIAĆ RAZEM Z M0106-003 - JEDNO MOQ]
M0106-012;PLANDEKA CHINA ZEDERKOF/ROTOR 300CM BIAŁA 700gr TRUDNOPALNA RAL9016
M0106-013;PLANDEKA CHINA ZEDERKOF 300CM CZARNA 700gr TRUDNOPALNA
M0106-014;PLANDEKA SIOEN B9191/6054/250CM MILTARY 700GR TRUDNOPLANA
M0107-001;PLANDEKA CHINA LIFTINGBAG 205CM C6000L POMARAŃCZOWA 900gr - zamawiać w Europie (Stosować M0107-049 - Zamiennik MEHLER)
M0107-003;PLANDEKA HEYTEX H5551-2008 300CM 900gr Orange POMARAŃCZOWY
M0107-004;PLANDEKA HEYTEX H5551-3002 300CM Red CZERWONY 900gr, towar na nowe paseczki Kazia (po przyjęciu dać znać Monice o nr certyfikatu z rolki!!!)PYTAĆ KiT
M0107-005;PLANDEKA HEYTEX H5873-0286 300CM 900gr BIAŁA Pressalit TRUDNOPOALNA białe nosze
M0107-006;PLANDEKA HEYTEX H5873-7140 900gr 300CM Grey SZARA
M0107-007;PLANDEKA MEHLER 8540 5240 300CM 705705 JASNOSZARA 900gr
M0107-008;PLANDEKA MEHLER 8540 5240 300CM 907901 BIAŁA 900gr TRUDNOPALNA
M0107-009;PLANDEKA MEHLER 8556 5240 300CM 148148 ŻÓŁTA 900gr
M0107-010;PLANDEKA MEHLER 8556 5240 300CM 370370 CZERWONA 900gr
M0107-011;PLANDEKA MEHLER 8556 5240 300CM 544544 NIEBIESKA 900gr RAL5002  [NOWY INDEKS 4444 5551 3000 5002]
M0107-012;PLANDEKA MEHLER 8556 5240 300CM 597597 CIEMNONIEBIESKI 900gr
M0107-013;PLANDEKA MEHLER 8556 5240 300CM 602602 ZIELONA 900gr (6-kant)
M0107-014;PLANDEKA MEHLER 8556 5240 300CM 619619 JASNOZIELONA 900gr
M0107-015;PLANDEKA MEHLER 8556 5240 300CM 619619 JASNOZIELONA 900gr
M0107-016;PLANDEKA MEHLER 8556 5240 300CM 636636 ZIELONA 900gr MAN TRUCK
M0107-017;PLANDEKA MEHLER 8556 5240 300CM 705705 900gr JASNOSZARA-705 [NOWY INDEKS 4444 5551 300CM 7701]
M0107-018;PLANDEKA MEHLER 8556 5240 300CM 729729 JASNOSZARA 900gr
M0107-019;PLANDEKA MEHLER 8556 5240 300CM 905905 CZARNA 900gr [NOWY INDEKS 4444 5551 300CM 9005]
M0107-020;PLANDEKA MEHLER 8556 5240 300CM 907907 BIAŁA 900gr (RAL 9010) [NOWY INDEKS 4444 5551 3000 9010]
M0107-021;PLANDEKA SIOEN B6000/1024/300CM ŻÓŁTA 900gr
M0107-022;PLANDEKA SIOEN B6000/3001/300CM CZERWONA 900gr
M0107-023;PLANDEKA SIOEN B6000/3021/300CM POMARAŃCZOWY 900gr
M0107-024;PLANDEKA SIOEN B6000/5063/300CM NIEBIESKI 900gr
M0107-025;PLANDEKA SIOEN B6000/5095/300CM JASNONIEBIESKI 900gr
M0107-026;PLANDEKA SIOEN B6000/6036/300CM ZIELONA 900gr
M0107-027;PLANDEKA SIOEN B6000/7001/300CM SZARA 900gr zamiennik Mehler 8556 705705
M0107-028;PLANDEKA SIOEN B6000/7003/300CM SZARY 900gr
M0107-029;PLANDEKA SIOEN B6000/7179/300CM SZARA 900gr
M0107-030;PLANDEKA SIOEN B6000/7999/300CM CZARNA 900gr
M0107-031;PLANDEKA SIOEN B6000/9002/300CM BIAŁY 900gr
M0107-032;PLANDEKA SIOEN B6194/5238/300CM NIEBIESKA TRUDNOPALNA 900gr RAL 5003
M0107-040;PLANDEKA MEHLER 8556 5240 300CM 679679 ZIELONA 900gr RAL6005
M0107-041;PLANDEKA HEYTEX H5551-7035 300CM 900GR LIGHT GREY SZARA
M0107-042;PLANDEKA HEYTEX H5551 RAL 5003 300CM 900GR BLUE NIEBIESKA
M0107-043;PLANDEKA RESZTKI - na wzmocnienia
M0107-044;PLANDEKA SIOEN B6000/1001/300CM Żółta 900gr
M0107-045;PLANDEKA NAIZIL 900gr POMARAŃCZOWA 300 CM 60mtr - przechodzimy na Heytex H5551-2008 300 Orange Towar na wykroje do Hans AA
M0107-046;PLANDEKA MEHLER 8556 5240 3000 552552 NIEBIESKA RAL 5003 900gr (na KKWS Level) [JAK SIĘ SKOŃCZY STAN UZYWAĆ M0107-052]
M0107-047;PLANDEKA SIOEN B6134/9002/300cm BIAŁA 900g
M0107-048;PLANDEKA VERSEIDAG B1616 / TXB-900A WHITE 300 cm - Trudnopalna
M0107-049;PLANDEKA MEHLER 8556 5240 300CM 221221 POMARAŃCZOWY 900g RAL2008 LIFTINGBAG TORBY
M0107-050;PLANDEKA VERSEIDAG B1629 250CM CZARNA 650gr
M0107-051;PLANDEKA MEHLER 8556 5240 300CM 711711 900gr SZARA-711
M0107-052;PLANDEKA CHINA 300CM NIEBIESKA RAL 5003, 900GR ( zamiennik za M0107-046) [przed kolejnym zamówieniem zapytać o aktualny forecast]
M0107-053;PLANDEKA SIOEN B6134/7999/300cm CZARNA 900g , ROLKI 60MB
M0107-054;PLANDEKA OPTO-PLAST 300CM CIEMNO-ZIELONA 900gr RAL 6026
M0107-055;PLANDEKA CHINA TRUDNOPALNA 300CM NIEBIESKA RAL 5003 900gr - plandeka na małe elementy TUFD proszę nie brać
M0107-056;PLANDEKA SIOEN B6134/7455/300cm SZARA 900g TRUDNOPALNA , ROLKI 65MB (DOPISAĆ KOLOR PO DOSTAWIE)
M0107-057;PLANDEKA NA WZMOCNIENIA 900GR NIEBIESKA 900g tarpaulin in blue Ral5022 color (3m width) Two-side with Lacquering
M0107-058;PLANDEKA SIOEN B6108/6054/300CM ZIELONA 900GR NON SPRAYED
M0107-059;PLANDEKA SIOEN B6108R PATTERN C0003 300CM 900GR - CAMO0003
M0107-060;PLANDEKA SIOEN B6108R PATTERN C0002 300CM 900GR - CAMO0002
M0107-061;PLANDEKA SIOEN B6108R PATTERN C0001 300CM 900GR - CAMO0001
M0107-062;PLANDEKA SIOEN B6109/7165/300CM SZARA 950 GR TRUDNOPALNA
M0108-001;PLANDEKA MEHLER 7022 5241 250CM 543543 NIEBIESKA PIANKA 3MM 1300gr
M0108-002;PLANDEKA MEHLER 7022 5241 300CM 705705 SZARA PIANKA 3MM 1300gr
M0108-003;PLANDEKA MEHLER 7608 5340 204CM 781781 SZARY 1300gr BAFFLE
M0108-007;PLANDEKA VERSEIDAG B1017/250CM/032 BIAŁA KREMOWA ecru
M0108-008;PLANDEKA VERSEIDAG B1077/300CM/102 BIAŁA Svith Holding
M0108-009;PLANDEKA VERSEIDAG B14312/300CM/001 CZARNA 1250g/m2 50MTR SPILLAGE zejść ze stanu i używać M0108-014
M0108-010;PLANDEKA VERSEIDAG B14312/300CM/073 POMARAŃCZOWA Senvion Blade Wraps
M0108-011;PLANDEKA VERSEIDAG B1679/149CM/073 POMARAŃCZOWA 1680g/m2
M0108-012;PLANDEKA VERSEIDAG B1679/265CM/073 POMARAŃCZOWA 1680g/m2
M0108-013;PLANDEKA VERSEIDAG B1017/300CM/286286 BIAŁA 650gr TRUDNOPALNA RAL9016 JAK SIĘ SKOŃCZY PRZECHODZIMIY NA ZEDERKOF CHINA [M0106-012]
M0108-014;PLANDEKA SIOEN B6335/7999/300CM SPILLAGE CZARNA 1350GR
M0108-015;PLANDEKA SIOEN B6353/7024/250CM SZARA PIANKA 3MM 1450gr
M0108-016;PLANDEKA SIOEN B6756/7165/245CM JASNOSZARA 1400GR KUHN RAL7037
M0109-001;PLANDEKA MEHLER 7807/7812 5340 905905 CZARNE WZMOCNIENIE grubość 3mm
M0109-004;PLANDEKA MEHLER 7807 5340 100CM 905905 CZARNE WZMOCNIENIE ZAMIENNIK 7812 i 7809
M0109-007;PLANDEKA MEHLER 7812 5340 062CM 905905 CZARNE WZMOCNIENIE ZAMIENNIK 7812 i 7809
M0109-010;PLANDEKA SIOEN B6756/2905/245CM POMARAŃCZOWA 1400gr Kverneland RGB 188-071-045
M0109-011;PLANDEKA SIOEN B6756/3053/245CM CZERWONA 1400gr Kverneland RAL 3000
M0109-012;PLANDEKA SIOEN B6756/6229/245CM ZIELONA 1400gr Kverneland RAL 6016
M0109-013;PLANDEKA SIOEN B6756/7107/245CM CZARNOSZARA 1400gr Kverneland RAL 7021
M0109-014;PLANDEKA SIOEN B6756/7999/245CM CZARNA 1400gr Kverneland RAL 9005
M0109-016;PLANDEKA RESZTKI KVERNALAND NA WZMOCNIENIA (CZARNY LUB SZARY)
M0109-018;PLANDEKA CHINA KVERNELAND 1400GR ZIELONY 300CM FR LAKIEROWANY DWUSTRONNIE
M0110-001;PLANDEKA CZARNA SIATKA Job:BUTCHERS BICYCLES  Cesco  NET- DUG 350G/M2 320 CM SORT
M0110-002;PLANDEKA HEYTEX H5071-0290 BIAŁA SIATKA Pressalit / PO:40850-1 / Job:80480
M0110-003;PLANDEKA HEYTEX SIATKA GRILLATIM 430 BLANC 01 9003 300, Job:Pressalit, białe nosze - zła siatka za duże oczko nie uzywamy
M0110-004;PLANDEKA HEYTEX H5043-9005 SIATKA CZARNA duże oczka MAGNASCRIM WIDTH 200CM (KROJENIE RĘCZNE T2)
M0110-005;PLANDEKA MEHLER 7908 5300 302CM 905905 CZARNA SIATKA 450gr/m2 [UWAGA, UŻYĆ ZAMIAST M0110-011]
M0110-006;PLANDEKA MEHLER 7915 5300 250CM 763763 SZARA SIATKA 295gr/m2
M0110-007;PLANDEKA MEHLER 7915 5300 250CM 905905 CZARNA SIATKA 295gr/m2
M0110-008;PLANDEKA MEHLER 7915 5300 302CM 682682 ZIELONA SIATKA 295gr/m2
M0110-009;PLANDEKA MEHLER 7915 5300 370CM 905905 CZARNA SIATKA 295gr/m2
M0110-010;PLANDEKA MEHLER 7916 5300 250CM 682682 ZIELONA SIATKA 265gr/m2
M0110-011;PLANDEKA MEHLER 7916 5300 250CM 905905 CZARNA SIATKA 265gr/m2 [UWAGA!! NAJPIERW WYKORZYSTAĆ M0110-005,M0110-024 LUB M0110-017]
M0110-012;PLANDEKA MEHLER 7916 5300 370CM 682682 ZIELONA SIATKA 265gr/m2
M0110-013;PLANDEKA MEHLER 7916 5300 370CM 905905 CZARNA SIATKA 265gr/m2 [UWAGA, UŻYĆ M0110-028]
M0110-014;PLANDEKA MEHLER 7917 5300 250CM 905905 CZARNA SIATKA 295gr/m2 TRUDOPALNA
M0110-015;PLANDEKA MEHLER 7920 5300 250CM 682682 ZIELONA SIATKA 180gr/m2
M0110-016;PLANDEKA NAIZIL SIATKA BIAŁA TX515320429 DAT-SCHAUB
M0110-017;PLANDEKA SIOEN W50500690/0020/210CM SIATKA CZARNA MAŁA KRATKA ROLKA 100MTR 250gr  [UWAGA, UŻYĆ ZAMIAST M0110-011]
M0110-018;PLANDEKA SIOEN W50500690/0020/320CM SIATKA CZARNA MAŁA KRATKA ROLKA 100MTR
M0110-019;PLANDEKA SIOEN W505021P9/0011/210CM SIATKA BIAŁA MAŁA KRATKA ROLKA 50MTR PRESSALIT 250gr
M0110-020;PLANDEKA SIOEN M9919 W909011H5/0020/200CM SIATKA CZARNA ROLKA 50MTR 250gr [NOWE OZNACZENIE - EUROMAX-PROTECT/0020/200]
M0110-021;PLANDEKA VERSEIDAG B3127/320CM/024 BIAŁA SIATKA
M0110-022;SIATKA 100CM KOL. BIAŁY
M0110-023;PLANDEKA SIOEN W505021P9/0011/320CM SIATKA BIAŁA MAŁA KRATKA PRESSALIT [UWAGA, PO ZUŻYCIU PRZECHODZIMY NA M0110-027]
M0110-024;PLANDEKA NAIZIL SIATKA CZARNA 320X50  [UWAGA, UŻYĆ ZAMIAST M0110-011]
M0110-026;PLANDEKA HEYTEX H5024-0297 BIAŁA SIATKA 320 CM ARKTICO
M0110-027;PLANDEKA SIOEN W505021P9/0011/210CM SIATKA BIAŁA MAŁA KRATKA PRESSALIT
M0110-028;PLANDEKA SIATKA CHINA 360CM CZARNA 340GR/M2 [ZAMIENNIK ZA M0110-013]
M0110-029;PLANDEKA SERGE FERRARI SIATKA BIAŁA B3131 col.024 szerokości 320 cm
M0111-001;PLANDEKA FOLIA PRZEZROCZYSTA CLEAR 0,1mm 135cm Job:68992 RC Advice Marzena
M0111-002;FOLIA PRZEZROCZYSTA CLEAR 0,3MM NA OKIENKA
M0111-003;PLANDEKA FOLIA PRZEZROCZYSTA CLEAR 0,3MM NA OKIENKA - do SIEMENS folia Temporary protective covers
M0111-004;PLANDEKA FOLIA PRZEZROCZYSTA CLEAR 0,4MM NA OKIENKA DO WÓZKÓW Job:BUTCHERS BICYCLES
M0111-005;PLANDEKA FOLIA PRZEZROCZYSTA CLEAR 0,5MM NA OKIENKA / Job:78705 PPTechniq  (Rolka 137cm x 30m)
M0111-006;PLANDEKA FOLIA PRZEZROCZYSTA CZERWONA TBD Red see through welding screens
M0111-007;PLANDEKA FOLIA PRZEZROCZYSTA NA KIESZONKI VESTAS NIEBIESKA/ZIELONA PVC 0,4MM CHINY Długość 100mtr Szerokość 135CM
M0111-008;PLANDEKA FOLIA PRZEZROCZYSTA NA OSŁONY DO ŁAŃCUCHÓW CLEAR 2000 MY UV HT  Job:69073 Global Gravity Magda
M0111-009;PLANDEKA PRZEZROCZYSTA NA ZASŁONY ZIELONA green - Marzena (rolka B:190cm x 50m) 82gr
M0111-010;PLANDEKA PRZEZROCZYSTA NA ZASŁONY ŻÓŁTA ornage yellow - Marzena
M0111-011;PLANDEKA PRZEZROCZYSTA NA ZASŁONY ŻÓŁTA/POMARAŃCZOWA orange yellow - Marzena
M0111-012;PLANDEKA FOLIA PRZEZROCZYSTA CLEARFOL 0,8MM
M0111-013;PLANDEKA FOLIA EXPAFOL Zederkof 00237 160 folia CLEAR 500 my Uv Ht Fr (M2) W137cm L30mtr = 1 roll = 41,1m2/20 roll = 1 paleta folia na okienka
M0111-014;PLANDEKA FOLIA PRZEZROCZYSTA CRISTAL GRUBOŚĆ 0,5MM, 625gr/m2, rolka 183cm
M0111-015;PLANDEKA FOLIA NON PVC PRZEZROCZYSTA NA KIESZONKI VESTAS CHINY 135CM  Długość 100mtr EVA [UWAGA, NASTĘPNE ZAMÓWIENIE NA 2Y UV RESISTANT]
M0111-016;PLANDEKA FOLIA PRZEZROCZYSTA CRISTAL GRUBOŚĆ 0,5MM, 625gr/m2, rolka 140cm
M0112-001;"PLANDEKA FOLIA ALUMINIOWA ALU FOIL 120CM WIDTH ROLL IN 3"" CORE FOR ALUBAG 1 rolka około 228m2"
M0112-002;"PLANDEKA FOLIA ALUMINIOWA ALU FOIL 150CM WIDTH ROLL IN 3"" CORE FOR ALUBAG 1 rolka około 285m2, dostawa od 07/08/2019 250m2"
M0112-003;PLANDEKA FOLIA ALUMINIOWA ALU FOIL 180CM  1 rolka około 342 m2 (190 mtr) #CBAM - 1013545
M0113-001;PLANDEKA FOLIA ASAPACK 1,4x100mtr
M0114-001;PLANDEKA RIVERTEX BLACK 125cm - Ocean Team Windcare / Job:85637 plandeka
M0114-002;PLANDEKA RIVERTEX BLACK 150cm - Ocean Team Windcare / Job:85637 plandeka
M0114-003;PLANDEKA RIVERTEX ECOSEAL 652 BLACK 706gr - Ocean Team Windcare plandeka - Rolka 3,0
M0114-004;PLANDEKA RIVERTEX Ecoseal™ Film 300 (Eth 85) - Ocean Team Windcare - folia przezroczysta plandeka
M0114-005;PLANDEKA RIVERTEX RIVERSEAL POMARAŃCZ (na poduszki Siemens) 150cm plandeka
M0114-006;PLANDEKA RIVERTEX RIVERSEAL450 CZARNY Job:74993 - Ocean Team Scandinavia plandeka
M0114-007;PLANDEKA RIVERTEX TPU 850 ORANGE - Ocean Team Windcare plandeka
M0114-008;PLANDEKA RIVERTEX RIVERSEAL ŻÓŁTY (na poduszki Siemens) 150cm plandeka
M0114-009;PLANDEKA RIVERTEX RIVERSEAL POMARAŃCZOWY (na poduszki Siemens) 150 cm plandeka 240gr
M0114-010;PLANDEKA RIVERTEX ECOSEAL 451 BLACK 150CM 650gr TPU 1 SIDE (Materiał na taśmę namiotową) - rolki 50mb
M0114-011;PLANDEKA RIVERTEX RIVERCYCLON 450 BANNER RAL 9010 WHITE 160CM
M0114-012;PLANDEKA RIVERTEX RIVERCYCLON 450 RAL 9010 WHITE 300CM 450gr FREETARP
M0114-013;PLANDEKA RIVERTEX RIVERCYCLON 530 RAL 9010 WHITE 300CM 600gr
M0114-014;PLANDEKA RIVERTEX ECOSEAL 652 BLACK 706gr 150CM CZARNA
M0114-015;PLANDEKA CHINA RIVERTEX ECOSEAL 652 BLACK 706gr 250CM CZARNA (65LM)
M0114-016;PLANDEKA RIVERTEX CZARNY 150 cm plandeka 240gr
M0114-017;PLANDEKA RIVERTEX RIVERCYCLON 450 0215 BIAŁY POŁYSK 150CM #1523000360
M0114-018;PLANDEKA RIVERTEX RIVERCYCLON 380 BIAŁY
M0114-019;PLANDEKA RIVERTEX RIVERSEAL FILM T400 87A NATURAL 450GR szer_150 cm
M0115-001;PLANDEKA FOLIA PRZEZROCZYSTA TPU PU BAG BOGORMEN
M0115-002;PLANDEKA FOLIA PRZEZROCZYSTA TPU PU BAG VIKING
M0115-003;PLANDEKA FOLIA PRZEZROCZYSTA TPU PU BAG VIKING Expafol 191072030012005 TPU 300 my Translucid Matt 120 cm
M0119-001;PLANDEKA FOLIA TRANSHIELD 290cm szerokość, 100mtr długość = 290m2/rolka po całkowitym zużyciu materiału ze stanu magazynowego przechodzimy na inny surowiec i produkt
M0119-002;PLANDEKA Arcade FR 500gr 150cm 810 Sort
M0119-003;PLANDEKA HEYTEX H8542-0370 075CM BLACK MacArtney
M0119-004;PLANDEKA HEYTEX H8550-0290 205CM 950gr BIAŁA COSTBAR TPU 950 ROLKA 30MTR DŁUGOŚCI
M0119-005;PLANDEKA HEYTEX H8551-0420 205CM POMARAŃCZOWA SEABAR TPU 1500 ROLKA 100mb
M0119-006;PLANDEKA HEYTEX H9800-9005 155CM MacArtney CZARNA
M0119-007;PLANDEKA HEYTEX H9800-9005 180CM MacArtney CZARNA
M0119-008;PLANDEKA INDUSTRIAL TEXTILES & PLASTICS LTD OGNIOODPORNA 320cm Job:78705 PPTechniq BIAŁA
M0119-009;PLANDEKA MEHLER 7321 5342 150CM 729729 JASNOSZARA 1450gr [NIEROT, SPR PONOWNIE 06.2026]
M0119-010;PLANDEKA MEHLER ANTYPOŚLIZGOWA SZARA (ETYKIETA NAZIL GR680 65M 250CM COLOR 913 WZÓR 3D)
M0119-011;PLANDEKA SERGE FERRARI(pomarańcz) 502V2 SOLTIS PROFF - Carrot 502V2-2172 40MTR WIDTH 180CM ORANGE  (MOGĄ BYĆ RÓŻNE ODCIENIE)
M0119-012;PLANDEKA SERGE FERRARI(zielony)502V2 SOLTIS PROOF 502V2 2157C ST ANIS ROLLS 40MTR WIDTH 180CM YELLOW (MOGĄ BYĆ RÓŻNE ODCIENIE)
M0119-013;PLANDEKA SIOEN B6060/7264/300CM SZARY BIOGAS
M0119-014;PLANDEKA SIOEN B9303/9002/300CM BIAŁA spożywcza na Pet-pocket
M0119-015;PLANDEKA SIOEN B7119/6001/320CM ZIELONA 630gr
M0119-016;PLANDEKA SIOEN S9350/7999/305CM BLACK plandeka na asfalt
M0119-017;PLANDEKA SIOEN TC0015/9015/214,0cm T TWICE DL FRC MED SZARY
M0119-018;PLANDEKA SIOEN TRUDNOPALNA CZARNA
M0119-019;PLANDEKA VERSEIDAG B1630/270CM/573 POMARAŃCZOWA  (SUR-POW a nie SUR-ROL) 3000gr
M0119-020;PLANDEKA VERSEIDAG B71311/300,00/322/322  SZARA Bio Gas JOB:72636 1050gr
M0119-022;PLANDEKA MEHLER 7806 5342 1020 905905 CZARNE WZMOCNIENIE grubość 2mm
M0119-023;PLANDEKA MEHLER 4217 6243 2200 905000 CZARNA 280g
M0119-024;Zederkof 00244 NAIZIL SPORT COVER - C3552300427 Col: 427 W300cm L65mtr plandeka czarna 720 gr
M0119-025;Zederkof 00251 NAZIZIL SPORT COVER - C3552218260 Col.260 W218cm L65mtr ZIELONA
M0119-026;PLANDEKA WŁÓKNINA OGNIOODPORNA POLIESTER 300CM CZARNA 300GR
M0119-027;PLANDEKA FALCO Polyester, 500/500 4PU WR FR UV, 155CM, 240gr, beżowy
M0119-028;PLANDEKA SEDO SEDOMAR SR 300CM CZARNY 350GR
M0119-029;PLANDEKA SIOEN BIOGAS E8610/7349/250CM SZARA 950GR
M0119-030;PLANDEKA SERGE FERRARI ŻÓŁTY SOLTIS 502V3-2166C 180CM, 40MTR 100% Z RECYCLINGU
M0119-031;PLANDEKA HEYTEX H8551-9002 205CM JASNOSZARA SEABAR TPU 1500 ROLKA
M0119-032;PLANDEKA SERGE FERRARI POMARAŃCZOWY SOLTIS 502V3-8204C 180CM, 40MTR 100% Z RECYCLINGU
M0120-001;PLANDEKA CHINA FREETARP 320CM NIEBIESKA RAL 5003  380/400g 13-10041-3
M0120-002;PLANDEKA CHINA FREETARP 320CM SZARA 380/400g  13-10041-1
M0120-004;PLANDEKA XPO NIEBIESKO/ZIELONA 350GR
M0120-005;PLANDEKA CHINA FREETARP 320CM NIEBIESKA RAL 5003 540gr TRUDNOPALNA
M0120-006;PLANDEKA CHINA FREETARP 320CM SZARA 11C 540g RAL 7015
M0120-007;PLANDEKA CHINA FREETARP 320CM ZIELONA 7721C  540g
M0120-008;PLANDEKA CHINA FREETARP 320CM NIEBIESKA RAL 5003 540gr
M0120-009;PLANDEKA CHINA FREETARP 320CM POMARAŃCZOWA RAL2004 380/400g
M0120-010;PLANDEKA CHINA FREETARP 320CM SZARA 11C 540GR (czekamy na datasheet, zamówione na prośbę DK)
M0120-011;PLANDEKA CHINA FREETARP 320CM BIAŁA 450GR [ZAMIENNIK ZA M0114-012]
M0121-001;PLANDEKA PE HARALD NYBORG  ZIELONA Marzena bramki z jednej plandeki 8x10 robi się trzy bramki
M0121-002;PLANDEKA PE SUPER TARP STANDARD GREEN 4X6M Bech Andersen
M0121-003;PLANDEKA PE TAPE FABRIC 703107 TAPE FABRIC expert blue 2,05x100 m
M0121-004;PLANDEKA PE TAPE FABRIC 703251 TAPE FABRIC expert orange 2,05x100 m
M0121-005;PLANDEKA PE TAPE FABRIC BLUE 380gr rolka 400m *3.2m RAL5003
M0121-007;PLANDEKA PE TAPE FABRIC NATURAL EXPERT WHITE 200gr UV SZER.205cm DŁUG.100mtr (Na Vestas Dust tarpaulin)
M0121-008;PLANDEKA PE TAPE FABRIC NATURAL 80gr 3,2 X2500M UV 2Y (na Vestas BLADE BAG)
M0121-009;PLANDEKA PE TAPE FABRIC PE 200gr rolls in 100cm width red/black
M0121-013;PLANDEKA PE TAPE FABRIC TAPE FABRIC green/black 2,05x100 m GREEN RAL 6026 / BLACK RAL 9011
M0121-014;PLANDEKA PE TAPE FABRIC WHITE 380gr rolka 150mtr *2,13m
M0121-016;PLANDEKA PE TAPE FABRIC STANDARD NATURAL 140GR SZER.205cm DŁUG.100mtr
M0121-017;PLANDEKA PE  NATURAL UV 2Y 140GR SZER.320CM, 1000mb
M1210-016;Plandeka MATERIAŁ MEHLER 4107 4911 170CM 9671 AIRTEX (czerwony) [JAK SIE SKOŃCZY TO UŻYĆ M1202-009] na śmigło
M1210-021;PLANDEKA MATERIAŁ ODYSSEY NIEBIESKI F0800A90Y Odyssey - Harbour Blue 163cm plandeka
M1210-022;PLANDEKA MATERIAŁ ODYSSEY SZARY F0800A97Y Odyssey - Charcoal Grey 163cm width plandeka
M1210-024;PLANDEKA RIVERTEX RIVERSEAL NIEBIESKI (na poduszki Siemens) 150cm plandeka
M1210-043;Plandeka MATERIAŁ MEHLER 4109 5342 921921 170CM AIRTEX (BIAŁY)
M1210-046;MATERIAŁ CHINA BLADE BAG CZERWONY155CM 200GR [UŻYĆ JAK SIĘ SKOŃCZU M1210-016 ORAZ M1202-009] na śmigło
M1210-047;MATERIAŁ CHINA FALCO OXFORD 292 CM ZIELONA RAL 6005 240 GR BEZ FR - GALEBREAKER
M1210-050;MATERIAŁ KEDROWY NA WZMOCNIENIA EASY GLIDE MEHLER 7113 5341 150CM 905000 CZARNY 730GR
M1210-051;MATERIAŁ NA KEDER SIOEN E5036/7999 130CM
M1210-052;MATERIAŁ NA KEDER SIOEN E5036/7975 215CM
